[
    {
        "id": "medibox_dashboard",
        "type": "tab",
        "label": "Medibox Dashboard",
        "disabled": false,
        "info": ""
    },
    {
        "id": "temp_sub",
        "type": "mqtt in",
        "z": "medibox_dashboard",
        "name": "Temperature",
        "topic": "medibox/220472t_temp",
        "qos": "2",
        "datatype": "auto",
        "broker": "mqtt_broker",
        "inputs": 0,
        "x": 120,
        "y": 60,
        "wires": [
            [
                "temp_gauge",
                "temp_chart"
            ]
        ]
    },
    {
        "id": "humidity_sub",
        "type": "mqtt in",
        "z": "medibox_dashboard",
        "name": "Humidity",
        "topic": "medibox/220472t_humidity",
        "qos": "2",
        "datatype": "auto",
        "broker": "mqtt_broker",
        "inputs": 0,
        "x": 120,
        "y": 120,
        "wires": [
            [
                "humidity_gauge",
                "humidity_chart"
            ]
        ]
    },
    {
        "id": "servo_sub",
        "type": "mqtt in",
        "z": "medibox_dashboard",
        "name": "Servo Angle",
        "topic": "medibox/220472t_servo",
        "qos": "2",
        "datatype": "auto",
        "broker": "mqtt_broker",
        "inputs": 0,
        "x": 120,
        "y": 180,
        "wires": [
            [
                "servo_gauge",
                "servo_chart"
            ]
        ]
    },
    {
        "id": "ldr_sub",
        "type": "mqtt in",
        "z": "medibox_dashboard",
        "name": "Light Intensity",
        "topic": "medibox/220472t_ldr",
        "qos": "2",
        "datatype": "auto",
        "broker": "mqtt_broker",
        "inputs": 0,
        "x": 120,
        "y": 240,
        "wires": [
            [
                "ldr_gauge",
                "ldr_chart"
            ]
        ]
    },
    {
        "id": "temp_gauge",
        "type": "ui_gauge",
        "z": "medibox_dashboard",
        "name": "",
        "group": "ui_group_sensors",
        "order": 2,
        "width": 6,
        "height": 5,
        "gtype": "gauge",
        "title": "Temperature (°C)",
        "label": "°C",
        "format": "{{value}}",
        "min": "0",
        "max": "50",
        "colors": [
            "#006400",
            "#8B8000",
            "#8B0000"
        ],
        "seg1": "24",
        "seg2": "32",
        "x": 340,
        "y": 60,
        "wires": []
    },
    {
        "id": "humidity_gauge",
        "type": "ui_gauge",
        "z": "medibox_dashboard",
        "name": "",
        "group": "ui_group_sensors",
        "order": 4,
        "width": 6,
        "height": 5,
        "gtype": "gauge",
        "title": "Humidity (%)",
        "label": "%",
        "format": "{{value}}",
        "min": "0",
        "max": "100",
        "colors": [
            "#006400",
            "#8B8000",
            "#8B0000"
        ],
        "seg1": "65",
        "seg2": "80",
        "x": 340,
        "y": 120,
        "wires": []
    },
    {
        "id": "servo_gauge",
        "type": "ui_gauge",
        "z": "medibox_dashboard",
        "name": "",
        "group": "ui_group_sensors",
        "order": 6,
        "width": 6,
        "height": 6,
        "gtype": "gauge",
        "title": "Servo Angle (°)",
        "label": "°",
        "format": "{{value}}",
        "min": "0",
        "max": "180",
        "colors": [
            "#006400",
            "#8B8000",
            "#8B0000"
        ],
        "seg1": "",
        "seg2": "",
        "x": 340,
        "y": 180,
        "wires": []
    },
    {
        "id": "ldr_gauge",
        "type": "ui_gauge",
        "z": "medibox_dashboard",
        "name": "",
        "group": "ui_group_sensors",
        "order": 8,
        "width": 6,
        "height": 6,
        "gtype": "gauge",
        "title": "Light Intensity",
        "label": "",
        "format": "{{value}}",
        "min": "0",
        "max": "1",
        "colors": [
            "#006400",
            "#8B8000",
            "#8B0000"
        ],
        "seg1": "",
        "seg2": "",
        "x": 340,
        "y": 240,
        "wires": []
    },
    {
        "id": "temp_chart",
        "type": "ui_chart",
        "z": "medibox_dashboard",
        "name": "",
        "group": "ui_group_sensors",
        "order": 3,
        "width": 6,
        "height": 5,
        "label": "Temperature Trend",
        "chartType": "line",
        "legend": "false",
        "xformat": "HH:mm:ss",
        "interpolate": "linear",
        "nodata": "",
        "dot": false,
        "ymin": "0",
        "ymax": "50",
        "removeOlder": "1",
        "removeOlderPoints": "",
        "removeOlderUnit": "3600",
        "cutout": 0,
        "useOneColor": false,
        "colors": [
            "#4682B4",
            "#aec7e8",
            "#ff7f0e",
            "#2ca02c",
            "#98df8a",
            "#d62728",
            "#ff9896",
            "#9467bd",
            "#c5b0d5"
        ],
        "outputs": 1,
        "x": 340,
        "y": 90,
        "wires": [
            []
        ]
    },
    {
        "id": "humidity_chart",
        "type": "ui_chart",
        "z": "medibox_dashboard",
        "name": "",
        "group": "ui_group_sensors",
        "order": 5,
        "width": 6,
        "height": 5,
        "label": "Humidity Trend",
        "chartType": "line",
        "legend": "false",
        "xformat": "HH:mm:ss",
        "interpolate": "linear",
        "nodata": "",
        "dot": false,
        "ymin": "0",
        "ymax": "100",
        "removeOlder": "1",
        "removeOlderPoints": "",
        "removeOlderUnit": "3600",
        "cutout": 0,
        "useOneColor": false,
        "colors": [
            "#4682B4",
            "#aec7e8",
            "#ff7f0e",
            "#2ca02c",
            "#98df8a",
            "#d62728",
            "#ff9896",
            "#9467bd",
            "#c5b0d5"
        ],
        "outputs": 1,
        "x": 340,
        "y": 150,
        "wires": [
            []
        ]
    },
    {
        "id": "servo_chart",
        "type": "ui_chart",
        "z": "medibox_dashboard",
        "name": "",
        "group": "ui_group_sensors",
        "order": 7,
        "width": 6,
        "height": 6,
        "label": "Servo Angle Trend",
        "chartType": "line",
        "legend": "false",
        "xformat": "HH:mm:ss",
        "interpolate": "linear",
        "nodata": "",
        "dot": false,
        "ymin": "0",
        "ymax": "180",
        "removeOlder": "1",
        "removeOlderPoints": "",
        "removeOlderUnit": "3600",
        "cutout": 0,
        "useOneColor": false,
        "colors": [
            "#4682B4",
            "#aec7e8",
            "#ff7f0e",
            "#2ca02c",
            "#98df8a",
            "#d62728",
            "#ff9896",
            "#9467bd",
            "#c5b0d5"
        ],
        "outputs": 1,
        "x": 340,
        "y": 210,
        "wires": [
            []
        ]
    },
    {
        "id": "ldr_chart",
        "type": "ui_chart",
        "z": "medibox_dashboard",
        "name": "",
        "group": "ui_group_sensors",
        "order": 9,
        "width": 6,
        "height": 6,
        "label": "Light Intensity Trend",
        "chartType": "line",
        "legend": "false",
        "xformat": "HH:mm:ss",
        "interpolate": "linear",
        "nodata": "",
        "dot": false,
        "ymin": "0",
        "ymax": "1",
        "removeOlder": "1",
        "removeOlderPoints": "",
        "removeOlderUnit": "3600",
        "cutout": 0,
        "useOneColor": false,
        "colors": [
            "#4682B4",
            "#aec7e8",
            "#ff7f0e",
            "#2ca02c",
            "#98df8a",
            "#d62728",
            "#ff9896",
            "#9467bd",
            "#c5b0d5"
        ],
        "outputs": 1,
        "x": 340,
        "y": 270,
        "wires": [
            []
        ]
    },
    {
        "id": "ts_slider",
        "type": "ui_slider",
        "z": "medibox_dashboard",
        "name": "",
        "label": "T_s (s)",
        "tooltip": "",
        "group": "ui_group_controls",
        "order": 1,
        "width": 4,
        "height": 1,
        "passthru": true,
        "outs": "end",
        "topic": "medibox/config/220472t_Ts",
        "min": "1",
        "max": "60",
        "step": "1",
        "x": 120,
        "y": 340,
        "wires": [
            [
                "ts_pub"
            ]
        ]
    },
    {
        "id": "tu_slider",
        "type": "ui_slider",
        "z": "medibox_dashboard",
        "name": "",
        "label": "T_u (s)",
        "tooltip": "",
        "group": "ui_group_controls",
        "order": 2,
        "width": 4,
        "height": 1,
        "passthru": true,
        "outs": "end",
        "topic": "medibox/config/220472t_Tu",
        "min": "5",
        "max": "60",
        "step": "1",
        "x": 120,
        "y": 380,
        "wires": [
            [
                "tu_pub"
            ]
        ]
    },
    {
        "id": "theta_offset_slider",
        "type": "ui_slider",
        "z": "medibox_dashboard",
        "name": "",
        "label": "Theta Offset (°)",
        "tooltip": "",
        "group": "ui_group_controls",
        "order": 3,
        "width": 4,
        "height": 1,
        "passthru": true,
        "outs": "end",
        "topic": "medibox/config/220472t_Theta_Offset",
        "min": "0",
        "max": "120",
        "step": "1",
        "x": 120,
        "y": 420,
        "wires": [
            [
                "theta_offset_pub"
            ]
        ]
    },
    {
        "id": "gamma_slider",
        "type": "ui_slider",
        "z": "medibox_dashboard",
        "name": "",
        "label": "Gamma",
        "tooltip": "",
        "group": "ui_group_controls",
        "order": 4,
        "width": 4,
        "height": 1,
        "passthru": true,
        "outs": "end",
        "topic": "medibox/config/220472t_Gamma",
        "min": "0",
        "max": "1",
        "step": "0.01",
        "x": 120,
        "y": 460,
        "wires": [
            [
                "gamma_pub"
            ]
        ]
    },
    {
        "id": "t_med_slider",
        "type": "ui_slider",
        "z": "medibox_dashboard",
        "name": "",
        "label": "T_med (°C)",
        "tooltip": "",
        "group": "ui_group_controls",
        "order": 5,
        "width": 4,
        "height": 1,
        "passthru": true,
        "outs": "end",
        "topic": "medibox/config/220472t_T_med",
        "min": "10",
        "max": "40",
        "step": "0.1",
        "x": 120,
        "y": 500,
        "wires": [
            [
                "t_med_pub"
            ]
        ]
    },
    {
        "id": "ts_pub",
        "type": "mqtt out",
        "z": "medibox_dashboard",
        "name": "",
        "topic": "medibox/config/220472t_Ts",
        "qos": "2",
        "retain": "false",
        "broker": "mqtt_broker",
        "x": 340,
        "y": 340,
        "wires": []
    },
    {
        "id": "tu_pub",
        "type": "mqtt out",
        "z": "medibox_dashboard",
        "name": "",
        "topic": "medibox/config/220472t_Tu",
        "qos": "2",
        "retain": "false",
        "broker": "mqtt_broker",
        "x": 340,
        "y": 380,
        "wires": []
    },
    {
        "id": "theta_offset_pub",
        "type": "mqtt out",
        "z": "medibox_dashboard",
        "name": "",
        "topic": "medibox/config/220472t_Theta_Offset",
        "qos": "2",
        "retain": "false",
        "broker": "mqtt_broker",
        "x": 340,
        "y": 420,
        "wires": []
    },
    {
        "id": "gamma_pub",
        "type": "mqtt out",
        "z": "medibox_dashboard",
        "name": "",
        "topic": "medibox/config/220472t_Gamma",
        "qos": "2",
        "retain": "false",
        "broker": "mqtt_broker",
        "x": 340,
        "y": 460,
        "wires": []
    },
    {
        "id": "t_med_pub",
        "type": "mqtt out",
        "z": "medibox_dashboard",
        "name": "",
        "topic": "medibox/config/220472t_T_med",
        "qos": "2",
        "retain": "false",
        "broker": "mqtt_broker",
        "x": 340,
        "y": 500,
        "wires": []
    },
    {
        "id": "f3bc84b4e9ea43aa",
        "type": "ui_spacer",
        "z": "medibox_dashboard",
        "name": "spacer",
        "group": "ui_group_sensors",
        "order": 1,
        "width": 24,
        "height": 1
    },
    {
        "id": "e069c3ad3ee7d91b",
        "type": "ui_spacer",
        "z": "medibox_dashboard",
        "name": "spacer",
        "group": "ui_group_controls",
        "order": 6,
        "width": 4,
        "height": 1
    },
    {
        "id": "mqtt_broker",
        "type": "mqtt-broker",
        "name": "HiveMQ",
        "broker": "broker.hivemq.com",
        "port": "1883",
        "clientid": "",
        "usetls": false,
        "protocolVersion": "4",
        "keepalive": "60",
        "cleansession": true,
        "birthTopic": "",
        "birthQos": "0",
        "birthPayload": "",
        "closeTopic": "",
        "closeQos": "0",
        "closePayload": "",
        "willTopic": "",
        "willQos": "0",
        "willPayload": ""
    },
    {
        "id": "ui_group_sensors",
        "type": "ui_group",
        "name": "Sensors",
        "tab": "ui_tab_dashboard",
        "order": 1,
        "disp": true,
        "width": "24",
        "collapse": false
    },
    {
        "id": "ui_group_controls",
        "type": "ui_group",
        "name": "Controls",
        "tab": "ui_tab_dashboard",
        "order": 2,
        "disp": true,
        "width": "24",
        "collapse": false
    },
    {
        "id": "ui_tab_dashboard",
        "type": "ui_tab",
        "name": "Medibox Dashboard",
        "icon": "dashboard",
        "order": 1,
        "disabled": false,
        "hidden": false
    }
]